{"schemaVersion":"1.0","appDefinitionTemplate":{"id":"/providers/Microsoft.PowerApps/apps/","type":"Microsoft.PowerApps/apps","tags":{"primaryDeviceWidth":"640","primaryDeviceHeight":"1136","sienaVersion":"20200914T131714Z-3.20085.19.0","deviceCapabilities":"","supportsPortrait":"true","supportsLandscape":"false","primaryFormFactor":"Phone","publisherVersion":"3.20085.19","minimumRequiredApiVersion":"2.2.0","hasComponent":"false","hasUnlockedComponent":"false","isUnifiedRootApp":"false"},"properties":{"appVersion":"2020-09-14T13:17:14Z","lifeCycleId":"Published","createdByClientVersion":{"major":3,"minor":20085,"build":19,"revision":0,"majorRevision":0,"minorRevision":0},"minClientVersion":{"major":3,"minor":20085,"build":19,"revision":0,"majorRevision":0,"minorRevision":0},"backgroundColor":"rgba(253, 193, 2, 1)","backgroundImageUri":"/10986715541170112133/N29304c40-5c86-418f-b0a3-740965b56fe3-logoSmallFile","displayName":"What's on UNi App","description":"Navigate through the different events at University for a student by a student.","commitMessage":"","appUris":{"documentUri":{"value":"/10986715541170112133/N7078eac4-9a2f-410e-a750-1b0681516114-document.msapp","readonlyValue":"/10986715541170112133/N7078eac4-9a2f-410e-a750-1b0681516114-document.msapp"},"imageUris":[]},"createdTime":"0001-01-01T00:00:00Z","lastModifiedTime":"0001-01-01T00:00:00Z","sharedGroupsCount":0,"sharedUsersCount":0,"icons":{"smallIconUri":"/10986715541170112133/N688d0397-aeed-450c-a995-6da561a6d317-small.png","mediumIconUri":"/10986715541170112133/N56bddf7a-c156-49ab-bee7-c9a06384fdee-medium.png","largeIconUri":"/10986715541170112133/N43dac6e9-47cc-40c5-8612-fe45945c9cda-large.png","wideIconUri":"/10986715541170112133/Nea566bba-1bfe-47c3-b53a-1d1b844744c4-wide.png"},"connectionReferences":{"43c1de9f-d9ce-4c19-985a-55ac31c83936":{"id":"381c16d0-9e55-402d-ab09-4929f0230b72","displayName":"Excel","iconUri":"https://connectoricons-prod.azureedge.net/excel/icon_1.0.1352.2014.png","dataSources":["FlooringEstimates"],"dependencies":["4ab2d44d-3a30-47f4-93e2-0437e3d16498"],"dependents":[],"parameterHints":{"4ab2d44d-3a30-47f4-93e2-0437e3d16498":{"value":"fileSource"}},"isOnPremiseConnection":false,"dataSets":{"b!HpZsr1LINkCjw-1JN50OkPoabiRRim5EgKd39KOs2_sOdtkaHTmuTZvuWBJFlPIe.01M5V46TJ44HNLUQU46JB3LGLDT7SKGRRV":{"dataSources":{"FlooringEstimates":{"tableName":"FlooringEstimates"}}}},"apiTier":"Standard","isCustomApiConnection":false},"4ab2d44d-3a30-47f4-93e2-0437e3d16498":{"id":"024ca24e-e939-44d4-91c6-f36379985446","displayName":"OneDrive for Business","iconUri":"https://connectoricons-prod.azureedge.net/onedriveforbusiness/icon_1.0.1341.1987.png","dataSources":[],"dependencies":[],"dependents":["43c1de9f-d9ce-4c19-985a-55ac31c83936"],"parameterHints":{},"isOnPremiseConnection":false,"dataSets":{},"apiTier":"Standard","isCustomApiConnection":false}},"databaseReferences":{},"almMode":"Environment","performanceOptimizationEnabled":true,"canConsumeAppPass":true},"isAppComponentLibrary":false,"appType":"ClassicCanvasApp","appComponents":[]}}